Unnamed: 0,res_num,DSSP_index,amino_acid,secondary_structure,relative_ASA,phi,psi,NH_O_1_relidx,NH_O_1_energy,O_NH_1_relidx,O_NH_1_energy,NH_O_2_relidx,NH_O_2_energy,O_NH_2_relidx,O_NH_2_energy,secondary_structure_name,color_ss,bin_ss,exon,exon_freq
0,1,1,M,-,0.4095744680851064,360.0,161.9,0,0.0,90,-1.7,0,0.0,2,-0.3,,black,False,0,True
1,2,2,I,E,0.1183431952662721,-106.0,145.4,104,-0.5,106,-2.0,88,-0.2,107,-0.8,Strand,magenta,True,0,True
2,3,3,S,E,0.0,-136.3,137.5,88,-2.3,90,-3.5,-2,-0.3,2,-0.3,Strand,magenta,True,0,True
3,4,4,L,E,0.0060975609756097,-97.4,145.8,105,-2.0,107,-1.1,-2,-0.4,2,-0.4,Strand,magenta,True,0,True
4,5,5,I,E,0.0414201183431952,-135.6,117.6,88,-1.6,2,-0.3,-2,-0.3,107,-0.2,Strand,magenta,True,0,True
5,6,6,A,E,0.1037735849056603,-148.7,162.7,105,-2.0,107,-1.2,-2,-0.4,2,-0.4,Strand,magenta,True,0,True
6,7,7,A,E,0.1132075471698113,-118.5,109.0,-2,-0.3,2,-0.5,105,-0.2,107,-0.2,Strand,magenta,True,0,True
7,8,8,L,E,0.0304878048780487,-105.7,132.9,105,-2.4,107,-3.1,-2,-0.4,6,-0.2,Strand,magenta,True,0,True
8,9,9,A,-,0.0660377358490566,-84.6,-162.2,4,-2.4,3,-1.0,-2,-0.5,2,-0.3,,black,False,0,True
9,10,10,V,T,0.4154929577464789,-78.1,130.2,107,-2.7,109,-0.2,1,-0.2,-1,-0.2,Turn,grey,False,0,True
10,11,11,D,T,0.7484662576687117,93.0,20.9,-2,-0.3,-1,-0.2,1,-0.2,3,-0.1,Turn,grey,False,0,True
11,12,12,R,S,0.2701612903225806,63.6,24.3,-3,-1.0,113,-2.2,1,-0.2,2,-0.4,Bend,olive,False,0,True
12,13,13,V,E,0.0211267605633802,-70.9,119.9,111,-0.2,-4,-2.4,-3,-0.2,111,-0.3,Strand,magenta,True,0,True
13,14,14,I,E,0.1183431952662721,-111.3,-5.2,109,-2.2,2,-0.3,-2,-0.4,110,-0.2,Strand,magenta,True,0,True
14,15,15,G,E,0.0595238095238095,170.3,170.1,108,-1.2,107,-1.7,5,-0.1,108,-1.7,Strand,magenta,True,0,True
15,16,16,M,B,0.3723404255319149,-138.7,171.6,3,-2.2,3,-5.4,-2,-0.3,105,-0.1,Isolated beta-bridge residue,indigo,False,0,True
16,17,17,E,T,0.8195876288659794,33.8,-129.8,1,-0.3,105,-0.2,-2,-0.2,-2,-0.0,Turn,grey,False,0,True
17,18,18,N,T,0.3503184713375796,-122.4,49.2,-3,-0.1,-1,-0.3,2,-0.1,2,-0.3,Turn,grey,False,0,True
18,19,19,A,B,0.3867924528301887,-133.6,168.6,-3,-5.4,-3,-2.2,30,-0.0,30,-0.0,Isolated beta-bridge residue,indigo,False,0,True
19,20,20,M,-,0.5,-108.2,112.3,-2,-0.3,2,-0.9,-5,-0.2,-5,-0.1,,black,False,0,True
20,21,21,P,S,0.3455882352941176,-60.9,22.2,0,0.0,2,-0.3,0,0.0,-6,-0.1,Bend,olive,False,0,True
21,22,22,W,-,0.105726872246696,-152.3,167.8,-2,-0.9,2,-0.3,97,-0.0,-2,-0.2,,black,False,0,True
22,23,23,N,-,0.8089171974522293,-137.8,105.9,-2,-0.3,125,-0.6,123,-0.0,126,-0.1,,black,False,0,True
23,24,24,L,-,0.0182926829268292,-135.9,72.6,-2,-0.3,3,-3.3,123,-0.1,4,-1.5,,black,False,0,True
24,25,25,P,H,0.4338235294117647,-40.7,-33.7,0,0.0,4,-1.2,0,0.0,-1,-0.1,Alpha helix (4-12),cyan,True,0,True
25,26,26,A,H,0.2830188679245283,-78.8,-22.6,2,-0.2,4,-1.1,1,-0.2,121,-0.0,Alpha helix (4-12),cyan,True,0,True
26,27,27,D,H,0.0674846625766871,-70.4,-46.5,-3,-3.3,4,-3.1,2,-0.2,3,-0.3,Alpha helix (4-12),cyan,True,0,True
27,28,28,L,H,0.5304878048780488,-59.3,-34.7,-4,-1.5,4,-3.2,1,-0.3,-2,-0.2,Alpha helix (4-12),cyan,True,0,True
28,29,29,A,H,0.3962264150943396,-67.5,-37.1,-4,-1.2,4,-1.7,-5,-0.3,-1,-0.3,Alpha helix (4-12),cyan,True,0,True
29,30,30,W,H,0.052863436123348,-74.7,-41.7,-4,-1.1,4,-1.5,-3,-0.3,-2,-0.3,Alpha helix (4-12),cyan,True,0,True
30,31,31,F,H,0.2182741116751269,-54.8,-62.6,-4,-3.1,3,-1.4,2,-0.2,4,-1.4,Alpha helix (4-12),cyan,True,0,True
31,32,32,K,H,0.5170731707317073,-47.5,-43.7,-4,-3.2,4,-2.3,1,-0.3,-2,-0.2,Alpha helix (4-12),cyan,True,0,True
32,33,33,R,H,0.592741935483871,-68.5,-29.9,-4,-1.7,-1,-0.3,1,-0.2,-2,-0.2,Alpha helix (4-12),cyan,True,0,True
33,34,34,N,H,0.1528662420382165,-81.8,-27.2,-4,-1.5,-2,-0.2,-3,-1.4,-1,-0.2,Alpha helix (4-12),cyan,True,0,True
34,35,35,T,H,0.0,-97.0,-42.4,-4,-1.4,3,-0.8,-3,-0.1,-2,-0.2,Alpha helix (4-12),cyan,True,0,True
35,36,36,L,T,0.4146341463414634,-27.1,133.5,-4,-2.3,21,-0.2,1,-0.3,20,-0.1,Turn,grey,False,0,True
36,37,37,D,T,0.803680981595092,62.1,33.4,19,-2.6,-1,-0.3,1,-0.2,20,-0.2,Turn,grey,False,0,True
37,38,38,K,S,0.2341463414634146,-143.8,153.6,-3,-0.8,2,-0.3,18,-0.3,-1,-0.2,Bend,olive,False,0,True
38,39,39,P,-,0.0735294117647058,-71.2,136.8,0,0.0,53,-2.7,0,0.0,2,-0.5,,black,False,0,True
39,40,40,V,E,0.0,-123.3,123.6,18,-2.1,20,-1.9,-2,-0.3,2,-0.5,Strand,magenta,True,0,True
40,41,41,I,E,0.0,-95.2,126.6,51,-2.3,53,-3.0,-2,-0.5,54,-0.3,Strand,magenta,True,0,True
41,42,42,M,-,0.0,-129.7,-173.3,18,-2.1,2,-0.3,-2,-0.5,54,-0.3,,black,False,0,True
42,43,43,G,-,0.0595238095238095,-131.1,156.2,52,-0.3,4,-2.2,-2,-0.2,3,-0.8,,black,False,0,True
43,44,44,R,H,0.4516129032258064,-41.4,-50.5,18,-2.3,4,-1.9,-2,-0.3,5,-0.1,Alpha helix (4-12),cyan,True,0,True
44,45,45,H,H,0.625,-66.4,-43.2,2,-0.2,4,-1.6,1,-0.2,-1,-0.3,Alpha helix (4-12),cyan,True,0,True
45,46,46,T,H,0.204225352112676,-57.3,-51.2,-3,-0.8,4,-2.2,1,-0.2,3,-1.4,Alpha helix (4-12),cyan,True,0,True
46,47,47,W,H,0.1233480176211453,-49.9,-44.5,-4,-2.2,4,-2.6,1,-0.3,5,-0.3,Alpha helix (4-12),cyan,True,0,True
47,48,48,E,H,0.5618556701030928,-63.4,-36.9,-4,-1.9,-1,-0.3,-5,-0.4,-2,-0.2,Alpha helix (4-12),cyan,True,0,True
48,49,49,S,H,0.4692307692307692,-69.0,-43.3,-4,-1.6,-2,-0.2,-3,-1.4,-1,-0.2,Alpha helix (4-12),cyan,True,0,True
49,50,50,I,H,0.3076923076923077,-58.2,-59.0,-4,-2.2,-2,-0.2,1,-0.1,-3,-0.1,Alpha helix (4-12),cyan,True,0,True
50,51,51,G,-,0.5595238095238095,92.9,6.2,-4,-2.6,-3,-0.1,-5,-0.1,-1,-0.1,,black,False,0,True
51,52,52,R,S,0.6451612903225806,-179.0,148.9,-5,-0.3,-3,-0.0,19,-0.0,0,0.0,Bend,olive,False,0,True
52,53,53,P,-,0.2647058823529412,-53.6,163.2,0,0.0,5,-0.1,0,0.0,19,-0.0,,black,False,0,True
53,54,54,L,-,0.1219512195121951,-102.7,114.3,3,-0.2,3,-1.2,-14,-0.1,-14,-0.1,,black,False,0,True
54,55,55,P,T,0.625,-51.7,149.4,0,0.0,-18,-0.2,0,0.0,3,-0.1,Turn,grey,False,0,True
55,56,56,G,T,0.4761904761904761,64.2,16.0,-20,-0.1,-19,-2.6,-19,-0.1,2,-0.3,Turn,grey,False,0,True
56,57,57,R,S,0.1088709677419354,-147.9,152.8,-3,-1.2,2,-0.8,-20,-0.2,-3,-0.2,Bend,olive,False,0,True
57,58,58,K,-,0.3902439024390244,-87.3,106.1,-2,-0.3,-18,-2.1,-20,-0.1,2,-0.7,,black,False,0,True
58,59,59,N,E,0.0509554140127388,-89.3,113.7,-2,-0.8,14,-1.3,-20,-0.2,2,-0.4,Strand,magenta,True,0,True
59,60,60,I,E,0.0,-114.1,125.6,-20,-1.9,-18,-2.1,-2,-0.7,2,-0.2,Strand,magenta,True,0,True
60,61,61,I,E,0.0,-105.5,153.7,12,-2.2,14,-0.8,-2,-0.4,2,-0.5,Strand,magenta,True,0,True
61,62,62,L,E,0.1829268292682926,-118.0,117.3,-2,-0.2,-18,-2.3,12,-0.2,2,-0.3,Strand,magenta,True,0,True
62,63,63,S,-,0.0923076923076923,-149.6,143.0,12,-2.7,4,-0.1,-2,-0.5,12,-0.1,,black,False,0,True
63,64,64,S,S,0.7230769230769231,-82.5,-30.1,-2,-0.3,-1,-0.1,2,-0.1,12,-0.1,Bend,olive,False,0,True
64,65,65,Q,S,0.5808080808080808,-83.7,169.8,1,-0.2,2,-0.2,-3,-0.1,10,-0.1,Bend,olive,False,0,True
65,66,66,P,-,0.7058823529411765,-73.2,139.8,0,0.0,-1,-0.2,0,0.0,-2,-0.1,,black,False,0,True
66,67,67,G,-,0.4523809523809524,-68.1,148.7,-2,-0.2,3,-0.1,1,-0.1,7,-0.0,,black,False,0,True
67,68,68,T,S,0.8802816901408451,-126.5,39.3,1,-0.2,2,-0.2,2,-0.0,-1,-0.1,Bend,olive,False,0,True
68,69,69,D,-,0.1717791411042944,-167.2,121.7,3,-0.2,3,-0.6,1,-0.0,-1,-0.2,,black,False,0,True
69,70,70,D,T,1.0,-78.7,-12.6,-2,-0.2,4,-0.0,1,-0.2,-3,-0.0,Turn,grey,False,0,True
70,71,71,R,T,0.6814516129032258,-67.2,-29.5,2,-0.0,2,-0.3,-18,-0.0,-1,-0.2,Turn,grey,False,0,True
71,72,72,V,S,0.0633802816901408,-116.0,156.7,-3,-0.6,2,-0.4,-14,-0.1,-3,-0.2,Bend,olive,False,0,True
72,73,73,T,E,0.352112676056338,-77.4,116.0,-14,-1.3,-12,-2.2,-2,-0.3,2,-0.2,Strand,magenta,True,0,True
73,74,74,W,E,0.2290748898678414,-94.9,150.9,-2,-0.4,2,-0.3,-14,-0.2,-12,-0.2,Strand,magenta,True,0,True
74,75,75,V,E,0.0422535211267605,-150.6,149.7,-14,-0.8,-12,-2.7,-2,-0.2,3,-0.1,Strand,magenta,True,0,True
75,76,76,K,S,0.6390243902439025,-114.0,-1.1,-2,-0.3,2,-0.3,1,-0.2,-14,-0.1,Bend,olive,False,0,True
76,77,77,S,S,0.3615384615384615,-154.9,151.8,1,-0.1,4,-3.1,0,0.0,-1,-0.2,Bend,olive,False,0,True
77,78,78,V,H,0.1971830985915492,-54.0,-46.4,-2,-0.3,4,-3.5,1,-0.3,5,-0.3,Alpha helix (4-12),cyan,True,0,True
78,79,79,D,H,0.7177914110429447,-63.5,-36.6,2,-0.2,4,-0.9,1,-0.2,-1,-0.3,Alpha helix (4-12),cyan,True,0,True
79,80,80,E,H,0.4278350515463917,-59.0,-62.8,2,-0.2,4,-3.2,3,-0.2,3,-1.9,Alpha helix (4-12),cyan,True,0,True
80,81,81,A,H,0.0,-35.9,-59.8,-4,-3.1,4,-0.3,1,-0.3,-2,-0.2,Alpha helix (4-12),cyan,True,0,True
81,82,82,I,H,0.2781065088757396,-62.6,-28.5,-4,-3.5,4,-0.7,1,-0.2,-1,-0.3,Alpha helix (4-12),cyan,True,0,True
82,83,83,A,H,0.6132075471698113,-75.4,-51.3,-3,-1.9,3,-0.5,-4,-0.9,-2,-0.3,Alpha helix (4-12),cyan,True,0,True
83,84,84,A,T,0.2641509433962264,-53.0,-8.1,-4,-3.2,-1,-0.2,1,-0.2,-2,-0.2,Turn,grey,False,0,True
84,85,85,C,T,0.1407407407407407,-90.5,-50.0,-3,-0.3,2,-0.3,-4,-0.3,-1,-0.2,Turn,grey,False,0,True
85,86,86,G,-,0.4880952380952381,98.8,-145.9,-4,-0.7,2,-1.2,-3,-0.5,-1,-0.2,,black,False,0,True
86,87,87,D,S,1.0,-94.6,85.6,-2,-0.3,-1,-0.1,3,-0.0,3,-0.1,Bend,olive,False,0,True
87,88,88,V,-,0.3873239436619718,-127.6,156.4,-2,-1.2,3,-0.2,1,-0.1,-2,-0.1,,black,False,0,True
88,89,89,P,S,0.8382352941176471,-64.3,-49.1,0,0.0,2,-0.4,0,0.0,-1,-0.1,Bend,olive,False,0,True
89,90,90,E,-,0.1391752577319587,-142.7,125.8,-3,-0.1,2,-0.4,-88,-0.0,-88,-0.2,,black,False,0,True
90,91,91,I,E,0.0828402366863905,-102.5,132.7,-90,-1.7,-88,-2.3,-2,-0.4,2,-0.6,Strand,magenta,True,0,True
91,92,92,M,E,0.0,-104.3,118.9,-53,-2.7,-51,-2.3,-2,-0.4,2,-0.6,Strand,magenta,True,0,True
92,93,93,V,E,0.0,-98.8,119.0,-90,-3.5,-88,-1.6,-2,-0.6,-51,-0.2,Strand,magenta,True,0,True
93,94,94,I,-,0.0532544378698224,-106.2,30.3,-53,-3.0,-52,-0.2,-2,-0.6,-51,-0.1,,black,False,0,True
94,95,95,G,-,0.0,73.2,-163.7,-54,-0.3,-1,-0.4,1,-0.2,-52,-0.3,,black,False,0,True
95,96,96,G,-,0.2023809523809523,-73.7,-133.0,-54,-0.3,4,-2.7,-50,-0.1,5,-0.3,,black,False,0,True
96,97,97,G,H,0.1547619047619047,-52.7,-78.1,1,-0.2,4,-3.2,2,-0.2,3,-0.4,Alpha helix (4-12),cyan,True,0,True
97,98,98,R,H,0.6895161290322581,-42.6,-46.6,1,-0.3,4,-2.3,2,-0.2,-1,-0.2,Alpha helix (4-12),cyan,True,0,True
98,99,99,V,H,0.0985915492957746,-62.9,-46.2,1,-0.2,4,-2.5,2,-0.2,-1,-0.3,Alpha helix (4-12),cyan,True,0,True
99,100,100,Y,H,0.072072072072072,-55.3,-55.3,-4,-2.7,4,-2.4,-3,-0.4,-1,-0.2,Alpha helix (4-12),cyan,True,0,True
100,101,101,E,H,0.6134020618556701,-43.4,-41.9,-4,-3.2,-2,-0.2,-5,-0.3,-1,-0.2,Alpha helix (4-12),cyan,True,0,True
101,102,102,Q,H,0.3434343434343434,-83.2,-32.0,-4,-2.3,4,-0.3,-5,-0.2,-1,-0.3,Alpha helix (4-12),cyan,True,0,True
102,103,103,F,H,0.0050761421319796,-84.6,-21.6,-4,-2.5,4,-1.2,-5,-0.2,3,-0.8,Alpha helix (4-12),cyan,True,0,True
103,104,104,L,G,0.1158536585365853,-44.4,-57.4,-4,-2.4,3,-2.0,1,-0.3,-1,-0.2,3-10 helix,navy,False,0,True
104,105,105,P,G,0.6985294117647058,-47.6,-34.5,0,0.0,-1,-0.3,0,0.0,-2,-0.1,3-10 helix,navy,False,0,True
105,106,106,K,G,0.3951219512195122,-88.0,-14.8,-3,-0.8,-104,-0.5,-4,-0.3,-2,-0.2,3-10 helix,navy,False,0,True
106,107,107,A,-,0.0094339622641509,-69.2,153.4,-3,-2.0,-104,-0.2,-4,-1.2,3,-0.1,,black,False,0,True
107,108,108,Q,S,0.5555555555555556,-124.8,-12.9,-106,-2.0,50,-1.9,1,-0.2,2,-0.3,Bend,olive,False,0,True
108,109,109,K,E,0.2195121951219512,-152.9,145.4,-107,-0.8,-105,-2.0,48,-0.2,2,-0.4,Strand,magenta,True,0,True
109,110,110,L,E,0.0,-120.8,148.8,46,-2.2,46,-1.2,-2,-0.3,2,-0.4,Strand,magenta,True,0,True
110,111,111,Y,E,0.036036036036036,-126.4,99.1,-107,-1.1,-105,-2.0,-2,-0.4,2,-0.4,Strand,magenta,True,0,True
111,112,112,L,E,0.0060975609756097,-115.8,149.4,42,-2.0,42,-2.9,-2,-0.4,2,-0.5,Strand,magenta,True,0,True
112,113,113,T,E,0.0070422535211267,-104.2,105.8,-107,-1.2,-105,-2.4,-2,-0.4,2,-1.0,Strand,magenta,True,0,True
113,114,114,H,E,0.3152173913043478,-97.6,101.0,38,-4.2,38,-1.6,-2,-0.5,2,-0.4,Strand,magenta,True,0,True
114,115,115,I,E,0.0414201183431952,-77.3,142.0,-107,-3.1,2,-1.4,-2,-1.0,36,-0.3,Strand,magenta,True,0,True
115,116,116,D,-,0.588957055214724,-93.8,81.0,34,-3.3,34,-0.3,-2,-0.4,2,-0.3,,black,False,0,True
116,117,117,A,-,0.0943396226415094,-161.5,139.7,-2,-1.4,-107,-2.7,32,-0.1,2,-0.9,,black,False,0,True
117,118,118,E,-,0.922680412371134,-104.5,84.3,-2,-0.3,2,-0.3,-109,-0.2,-107,-0.1,,black,False,0,True
118,119,119,V,-,0.2957746478873239,-114.1,149.9,-2,-0.9,2,-0.3,-109,-0.2,-106,-0.1,,black,False,0,True
119,120,120,E,-,0.7989690721649485,-85.4,140.7,-2,-0.3,2,-0.3,-99,-0.0,-109,-0.0,,black,False,0,True
120,121,121,G,-,0.1785714285714285,-147.4,167.7,-2,-0.3,-105,-0.3,-105,-0.1,3,-0.1,,black,False,0,True
121,122,122,D,S,0.5766871165644172,-108.4,-9.3,-107,-1.7,2,-0.4,-2,-0.3,-106,-0.2,Bend,olive,False,0,True
122,123,123,T,E,0.3450704225352112,-126.4,132.7,-108,-1.7,-109,-2.2,-26,-0.0,-108,-1.2,Strand,magenta,True,0,True
123,124,124,H,E,0.3967391304347826,-122.2,155.9,-2,-0.4,-111,-0.2,-111,-0.3,-112,-0.1,Strand,magenta,True,0,True
124,125,125,F,-,0.0253807106598984,-85.5,141.5,-113,-2.2,-28,-0.1,-2,-0.2,-119,-0.0,,black,False,0,True
125,126,126,P,-,0.1029411764705882,-43.3,146.6,0,0.0,2,-2.1,0,0.0,-1,-0.1,,black,False,0,True
126,127,127,D,-,0.6748466257668712,-73.5,77.6,-3,-0.1,-115,-0.0,2,-0.0,-3,-0.0,,black,False,0,True
127,128,128,Y,-,0.1846846846846846,-56.3,175.4,-2,-2.1,-3,-0.0,1,-0.1,-24,-0.0,,black,False,0,True
128,129,129,E,-,0.6752577319587629,-135.0,104.1,1,-0.1,3,-3.2,0,0.0,4,-0.5,,black,False,0,True
129,130,130,P,G,0.6176470588235294,-26.9,-54.5,0,0.0,3,-0.7,0,0.0,-1,-0.1,3-10 helix,navy,False,0,True
130,131,131,D,G,0.6993865030674846,-59.0,-20.1,1,-0.2,28,-0.0,3,-0.1,0,0.0,3-10 helix,navy,False,0,True
131,132,132,D,G,0.4662576687116564,-81.5,-29.2,-3,-3.2,27,-5.2,26,-0.1,2,-0.3,3-10 helix,navy,False,0,True
132,133,133,W,E,0.039647577092511,-107.9,151.5,-3,-0.7,2,-0.5,-4,-0.5,25,-0.2,Strand,magenta,True,0,True
133,134,134,E,E,0.5051546391752577,-122.0,107.1,23,-2.2,23,-2.7,-2,-0.3,2,-0.3,Strand,magenta,True,0,True
134,135,135,S,E,0.4384615384615384,-64.4,115.9,-2,-0.5,21,-0.3,21,-0.3,3,-0.1,Strand,magenta,True,0,True
135,136,136,V,E,0.4154929577464789,-120.5,21.8,19,-5.0,2,-0.2,-2,-0.3,20,-0.2,Strand,magenta,True,0,True
136,137,137,F,E,0.365482233502538,178.2,142.9,18,-0.5,18,-2.1,2,-0.0,2,-0.3,Strand,magenta,True,0,True
137,138,138,S,E,0.5769230769230769,-156.6,144.0,16,-0.3,2,-0.3,-2,-0.2,16,-0.2,Strand,magenta,True,0,True
138,139,139,E,E,0.4123711340206185,-156.5,125.4,14,-1.6,14,-2.6,-2,-0.3,2,-0.3,Strand,magenta,True,0,True
139,140,140,F,E,0.6345177664974619,-104.7,151.6,-2,-0.3,2,-0.3,12,-0.2,12,-0.2,Strand,magenta,True,0,True
140,141,141,H,E,0.3206521739130434,-159.6,134.2,10,-1.6,10,-2.2,-2,-0.3,2,-0.1,Strand,magenta,True,0,True
141,142,142,D,-,0.6809815950920245,-88.2,151.2,-2,-0.3,7,-0.1,8,-0.3,5,-0.1,,black,False,0,True
142,143,143,A,-,0.3113207547169811,-50.3,169.7,5,-0.2,5,-0.3,-2,-0.1,2,-0.3,,black,False,0,True
143,144,144,D,-,0.5460122699386503,-167.0,-168.2,3,-1.1,-1,-0.1,1,-0.1,-3,-0.0,,black,False,0,True
144,145,145,A,S,0.9716981132075472,-53.6,-49.8,-2,-0.3,3,-0.2,1,-0.2,-1,-0.1,Bend,olive,False,0,True
145,146,146,Q,S,0.6262626262626263,-72.9,-45.0,1,-0.2,2,-0.6,-3,-0.1,-1,-0.2,Bend,olive,False,0,True
146,147,147,N,-,0.0254777070063694,-111.9,88.7,-123,-0.2,-3,-1.1,-5,-0.1,-1,-0.2,,black,False,0,True
147,148,148,S,S,0.6846153846153846,-45.7,-14.6,-125,-0.6,2,-0.3,-2,-0.6,-5,-0.2,Bend,olive,False,0,True
148,149,149,H,S,0.2554347826086957,-141.8,155.9,-126,-0.1,2,-0.2,-7,-0.1,-32,-0.1,Bend,olive,False,0,True
149,150,150,S,-,0.1307692307692307,-86.6,170.6,-34,-0.3,-34,-3.3,-2,-0.3,2,-0.3,,black,False,0,True
150,151,151,Y,E,0.0585585585585585,-170.3,157.0,-10,-2.2,-10,-1.6,-36,-0.3,2,-0.4,Strand,magenta,True,0,True
151,152,152,C,E,0.2592592592592592,-127.6,120.9,-38,-1.6,-38,-4.2,-2,-0.3,2,-0.3,Strand,magenta,True,0,True
152,153,153,F,E,0.015228426395939,-77.2,145.2,-14,-2.6,-14,-1.6,-2,-0.4,2,-0.3,Strand,magenta,True,0,True
153,154,154,E,E,0.1494845360824742,-146.6,160.7,-42,-2.9,-42,-2.0,-2,-0.3,2,-0.4,Strand,magenta,True,0,True
154,155,155,I,E,0.136094674556213,-141.3,126.4,-18,-2.1,-19,-5.0,-2,-0.3,-18,-0.5,Strand,magenta,True,0,True
155,156,156,L,E,0.0304878048780487,-121.8,139.5,-46,-1.2,-46,-2.2,-2,-0.4,2,-0.5,Strand,magenta,True,0,True
156,157,157,E,E,0.4484536082474227,-116.0,122.6,-23,-2.7,-23,-2.2,-2,-0.4,-48,-0.2,Strand,magenta,True,0,True
157,158,158,R,E,0.3346774193548387,-52.7,114.0,-50,-1.9,-25,-0.3,-2,-0.5,-26,-0.1,Strand,magenta,True,0,True
158,159,159,R,-,0.7459677419354839,-71.4,360.0,-27,-5.2,-1,-0.1,-2,-0.1,-3,-0.0,,black,False,-1,False
